Workbook

Sheet Overview
A1: Kennel Training Overview
A2: Generated 27/08/2026, 17:52:22 · Archived dogs are excluded from active KPIs
A4: Active dogs | B4: =COUNTIF(Dogs!J5:J8,"No") -> 3 | D4: All active dogs by season km
A5: Archived dogs | B5: =COUNTIF(Dogs!J5:J8,"Yes") -> 1 | D5: Rank | E5: Dog | F5: Season km | G5: Runs | H5: Last training
A6: Season workload | B6: =SUMIF(Dogs!J5:J8,"No",Dogs!K5:K8) -> 36 | D6: =IFERROR(SMALL(Dogs!$Q$5:$Q$504,ROWS($D$6:D6)),"") -> 1 | E6: =IF($D6="","",INDEX(Dogs!$A$5:$A$504,MATCH($D6,Dogs!$Q$5:$Q$504,0))) -> AHPI | F6: =IF($D6="","",INDEX(Dogs!$K$5:$K$504,MATCH($D6,Dogs!$Q$5:$Q$504,0))) -> 12 | G6: =IF($D6="","",INDEX(Dogs!$L$5:$L$504,MATCH($D6,Dogs!$Q$5:$Q$504,0))) -> 1 | H6: =IF($D6="","",INDEX(Dogs!$M$5:$M$504,MATCH($D6,Dogs!$Q$5:$Q$504,0))) -> 46259.5
A7: Average km / active dog | B7: =IF(B4=0,0,B6/B4) -> 12 | D7: =IFERROR(SMALL(Dogs!$Q$5:$Q$504,ROWS($D$6:D7)),"") -> 2 | E7: =IF($D7="","",INDEX(Dogs!$A$5:$A$504,MATCH($D7,Dogs!$Q$5:$Q$504,0))) -> AJA | F7: =IF($D7="","",INDEX(Dogs!$K$5:$K$504,MATCH($D7,Dogs!$Q$5:$Q$504,0))) -> 12 | G7: =IF($D7="","",INDEX(Dogs!$L$5:$L$504,MATCH($D7,Dogs!$Q$5:$Q$504,0))) -> 1 | H7: =IF($D7="","",INDEX(Dogs!$M$5:$M$504,MATCH($D7,Dogs!$Q$5:$Q$504,0))) -> 46259.5
A8: Dogs trained last 7 days | B8: =COUNTIFS(Dogs!J5:J8,"No",Dogs!N5:N8,"<=7",Dogs!N5:N8,">=0") -> 3 | D8: =IFERROR(SMALL(Dogs!$Q$5:$Q$504,ROWS($D$6:D8)),"") -> 3 | E8: =IF($D8="","",INDEX(Dogs!$A$5:$A$504,MATCH($D8,Dogs!$Q$5:$Q$504,0))) -> ALBMI | F8: =IF($D8="","",INDEX(Dogs!$K$5:$K$504,MATCH($D8,Dogs!$Q$5:$Q$504,0))) -> 12 | G8: =IF($D8="","",INDEX(Dogs!$L$5:$L$504,MATCH($D8,Dogs!$Q$5:$Q$504,0))) -> 1 | H8: =IF($D8="","",INDEX(Dogs!$M$5:$M$504,MATCH($D8,Dogs!$Q$5:$Q$504,0))) -> 46259.5
A9: Health restrictions | B9: =COUNTIF(Dogs!G5:G8,"Rest")+COUNTIF(Dogs!G5:G8,"Injured")+COUNTIF(Dogs!G5:G8,"Sick")+COUNTIF(Dogs!G5:G8,"In Heat") -> 0 | D9: =IFERROR(SMALL(Dogs!$Q$5:$Q$504,ROWS($D$6:D9)),"") | E9: =IF($D9="","",INDEX(Dogs!$A$5:$A$504,MATCH($D9,Dogs!$Q$5:$Q$504,0))) | F9: =IF($D9="","",INDEX(Dogs!$K$5:$K$504,MATCH($D9,Dogs!$Q$5:$Q$504,0))) | G9: =IF($D9="","",INDEX(Dogs!$L$5:$L$504,MATCH($D9,Dogs!$Q$5:$Q$504,0))) | H9: =IF($D9="","",INDEX(Dogs!$M$5:$M$504,MATCH($D9,Dogs!$Q$5:$Q$504,0)))
D10: =IFERROR(SMALL(Dogs!$Q$5:$Q$504,ROWS($D$6:D10)),"") | E10: =IF($D10="","",INDEX(Dogs!$A$5:$A$504,MATCH($D10,Dogs!$Q$5:$Q$504,0))) | F10: =IF($D10="","",INDEX(Dogs!$K$5:$K$504,MATCH($D10,Dogs!$Q$5:$Q$504,0))) | G10: =IF($D10="","",INDEX(Dogs!$L$5:$L$504,MATCH($D10,Dogs!$Q$5:$Q$504,0))) | H10: =IF($D10="","",INDEX(Dogs!$M$5:$M$504,MATCH($D10,Dogs!$Q$5:$Q$504,0)))
D11: =IFERROR(SMALL(Dogs!$Q$5:$Q$504,ROWS($D$6:D11)),"") | E11: =IF($D11="","",INDEX(Dogs!$A$5:$A$504,MATCH($D11,Dogs!$Q$5:$Q$504,0))) | F11: =IF($D11="","",INDEX(Dogs!$K$5:$K$504,MATCH($D11,Dogs!$Q$5:$Q$504,0))) | G11: =IF($D11="","",INDEX(Dogs!$L$5:$L$504,MATCH($D11,Dogs!$Q$5:$Q$504,0))) | H11: =IF($D11="","",INDEX(Dogs!$M$5:$M$504,MATCH($D11,Dogs!$Q$5:$Q$504,0)))
D12: =IFERROR(SMALL(Dogs!$Q$5:$Q$504,ROWS($D$6:D12)),"") | E12: =IF($D12="","",INDEX(Dogs!$A$5:$A$504,MATCH($D12,Dogs!$Q$5:$Q$504,0))) | F12: =IF($D12="","",INDEX(Dogs!$K$5:$K$504,MATCH($D12,Dogs!$Q$5:$Q$504,0))) | G12: =IF($D12="","",INDEX(Dogs!$L$5:$L$504,MATCH($D12,Dogs!$Q$5:$Q$504,0))) | H12: =IF($D12="","",INDEX(Dogs!$M$5:$M$504,MATCH($D12,Dogs!$Q$5:$Q$504,0)))
D13: =IFERROR(SMALL(Dogs!$Q$5:$Q$504,ROWS($D$6:D13)),"") | E13: =IF($D13="","",INDEX(Dogs!$A$5:$A$504,MATCH($D13,Dogs!$Q$5:$Q$504,0))) | F13: =IF($D13="","",INDEX(Dogs!$K$5:$K$504,MATCH($D13,Dogs!$Q$5:$Q$504,0))) | G13: =IF($D13="","",INDEX(Dogs!$L$5:$L$504,MATCH($D13,Dogs!$Q$5:$Q$504,0))) | H13: =IF($D13="","",INDEX(Dogs!$M$5:$M$504,MATCH($D13,Dogs!$Q$5:$Q$504,0)))
D14: =IFERROR(SMALL(Dogs!$Q$5:$Q$504,ROWS($D$6:D14)),"") | E14: =IF($D14="","",INDEX(Dogs!$A$5:$A$504,MATCH($D14,Dogs!$Q$5:$Q$504,0))) | F14: =IF($D14="","",INDEX(Dogs!$K$5:$K$504,MATCH($D14,Dogs!$Q$5:$Q$504,0))) | G14: =IF($D14="","",INDEX(Dogs!$L$5:$L$504,MATCH($D14,Dogs!$Q$5:$Q$504,0))) | H14: =IF($D14="","",INDEX(Dogs!$M$5:$M$504,MATCH($D14,Dogs!$Q$5:$Q$504,0)))
D15: =IFERROR(SMALL(Dogs!$Q$5:$Q$504,ROWS($D$6:D15)),"") | E15: =IF($D15="","",INDEX(Dogs!$A$5:$A$504,MATCH($D15,Dogs!$Q$5:$Q$504,0))) | F15: =IF($D15="","",INDEX(Dogs!$K$5:$K$504,MATCH($D15,Dogs!$Q$5:$Q$504,0))) | G15: =IF($D15="","",INDEX(Dogs!$L$5:$L$504,MATCH($D15,Dogs!$Q$5:$Q$504,0))) | H15: =IF($D15="","",INDEX(Dogs!$M$5:$M$504,MATCH($D15,Dogs!$Q$5:$Q$504,0)))
D16: =IFERROR(SMALL(Dogs!$Q$5:$Q$504,ROWS($D$6:D16)),"") | E16: =IF($D16="","",INDEX(Dogs!$A$5:$A$504,MATCH($D16,Dogs!$Q$5:$Q$504,0))) | F16: =IF($D16="","",INDEX(Dogs!$K$5:$K$504,MATCH($D16,Dogs!$Q$5:$Q$504,0))) | G16: =IF($D16="","",INDEX(Dogs!$L$5:$L$504,MATCH($D16,Dogs!$Q$5:$Q$504,0))) | H16: =IF($D16="","",INDEX(Dogs!$M$5:$M$504,MATCH($D16,Dogs!$Q$5:$Q$504,0)))
D17: =IFERROR(SMALL(Dogs!$Q$5:$Q$504,ROWS($D$6:D17)),"") | E17: =IF($D17="","",INDEX(Dogs!$A$5:$A$504,MATCH($D17,Dogs!$Q$5:$Q$504,0))) | F17: =IF($D17="","",INDEX(Dogs!$K$5:$K$504,MATCH($D17,Dogs!$Q$5:$Q$504,0))) | G17: =IF($D17="","",INDEX(Dogs!$L$5:$L$504,MATCH($D17,Dogs!$Q$5:$Q$504,0))) | H17: =IF($D17="","",INDEX(Dogs!$M$5:$M$504,MATCH($D17,Dogs!$Q$5:$Q$504,0)))
D18: =IFERROR(SMALL(Dogs!$Q$5:$Q$504,ROWS($D$6:D18)),"") | E18: =IF($D18="","",INDEX(Dogs!$A$5:$A$504,MATCH($D18,Dogs!$Q$5:$Q$504,0))) | F18: =IF($D18="","",INDEX(Dogs!$K$5:$K$504,MATCH($D18,Dogs!$Q$5:$Q$504,0))) | G18: =IF($D18="","",INDEX(Dogs!$L$5:$L$504,MATCH($D18,Dogs!$Q$5:$Q$504,0))) | H18: =IF($D18="","",INDEX(Dogs!$M$5:$M$504,MATCH($D18,Dogs!$Q$5:$Q$504,0)))
D19: =IFERROR(SMALL(Dogs!$Q$5:$Q$504,ROWS($D$6:D19)),"") | E19: =IF($D19="","",INDEX(Dogs!$A$5:$A$504,MATCH($D19,Dogs!$Q$5:$Q$504,0))) | F19: =IF($D19="","",INDEX(Dogs!$K$5:$K$504,MATCH($D19,Dogs!$Q$5:$Q$504,0))) | G19: =IF($D19="","",INDEX(Dogs!$L$5:$L$504,MATCH($D19,Dogs!$Q$5:$Q$504,0))) | H19: =IF($D19="","",INDEX(Dogs!$M$5:$M$504,MATCH($D19,Dogs!$Q$5:$Q$504,0)))
D20: =IFERROR(SMALL(Dogs!$Q$5:$Q$504,ROWS($D$6:D20)),"") | E20: =IF($D20="","",INDEX(Dogs!$A$5:$A$504,MATCH($D20,Dogs!$Q$5:$Q$504,0))) | F20: =IF($D20="","",INDEX(Dogs!$K$5:$K$504,MATCH($D20,Dogs!$Q$5:$Q$504,0))) | G20: =IF($D20="","",INDEX(Dogs!$L$5:$L$504,MATCH($D20,Dogs!$Q$5:$Q$504,0))) | H20: =IF($D20="","",INDEX(Dogs!$M$5:$M$504,MATCH($D20,Dogs!$Q$5:$Q$504,0)))
D21: =IFERROR(SMALL(Dogs!$Q$5:$Q$504,ROWS($D$6:D21)),"") | E21: =IF($D21="","",INDEX(Dogs!$A$5:$A$504,MATCH($D21,Dogs!$Q$5:$Q$504,0))) | F21: =IF($D21="","",INDEX(Dogs!$K$5:$K$504,MATCH($D21,Dogs!$Q$5:$Q$504,0))) | G21: =IF($D21="","",INDEX(Dogs!$L$5:$L$504,MATCH($D21,Dogs!$Q$5:$Q$504,0))) | H21: =IF($D21="","",INDEX(Dogs!$M$5:$M$504,MATCH($D21,Dogs!$Q$5:$Q$504,0)))
... D35: =IFERROR(SMALL(Dogs!$Q$5:$Q$504,ROWS($D$6:D35)),"") | E35: =IF($D35="","",INDEX(Dogs!$A$5:$A$504,MATCH($D35,Dogs!$Q$5:$Q$504,0))) | F35: =IF($D35="","",INDEX(Dogs!$K$5:$K$504,MATCH($D35,Dogs!$Q$5:$Q$504,0))) | G35: =IF($D35="","",INDEX(Dogs!$L$5:$L$504,MATCH($D35,Dogs!$Q$5:$Q$504,0))) | H35: =IF($D35="","",INDEX(Dogs!$M$5:$M$504,MATCH($D35,Dogs!$Q$5:$Q$504,0)))

Sheet How to Use
A1: Continue Working Offline
A2: The workbook can be updated directly in Excel without access to the app
A4: Step | B4: Area | C4: What to do
A5: 1 | B5: Add or update dogs | C5: Use the Dogs table. Enter dog names in uppercase. Green calculated columns update automatically when rows are added inside the table.
A6: 2 | B6: Record a training | C6: Add one row to Trainings for the overall run. The Training ID should be unique, for example TR-2026-08-27-01.
A7: 3 | B7: Record every dog run | C7: Add one Dog Runs row per dog that participated. This table drives kilometers, run counts, last training and the live ranking.
A8: 4 | B8: Add health information | C8: Use the Health table for notes and next checks. Select an existing dog name to keep records connected.
A9: 5 | B9: Review the overview | C9: The KPIs and ranking recalculate when Excel opens or when formulas calculate. Use Data > Refresh/Recalculate if needed.
A12: Offline shortcut: Use Enter Training. Choose the dogs from the dropdowns; workload and ranking update automatically.

Sheet Enter Training
A1: Enter Training Offline
A2: Complete one row per training and select the participating dogs from the dropdown lists
A4: Date | B4: Guide | C4: Route | D4: Distance km | E4: Type | F4: Team | G4: Dog 1 | H4: Dog 2 | I4: Dog 3 | J4: Dog 4 | K4: Dog 5 | L4: Dog 6 | M4: Dog 7 | N4: Dog 8 | O4: Dog 9 | P4: Dog 10 | Q4: Dog 11 | R4: Dog 12 | S4: Note
T5: ALBMI
T6: AJA
T7: AHPI

Sheet Dogs
A1: Dogs
A2: White columns are editable. Green columns calculate automatically from Dog Runs.
A4: Dog | B4: Sex | C4: Date of birth | D4: Main position | E4: Alternative | F4: Training status | G4: Health status | H4: Form | I4: Last heat | J4: Archived | K4: Season km | L4: Runs | M4: Last training | N4: Days since | O4: Last 30 days km | P4: Notes | Q4: Workload rank
A5: ALBMI | B5: Male | D5: Team | F5: Active | G5: Active | H5: 3 | J5: No | K5: =SUMIF('Dog Runs'!$C$5:$C$5004,A5,'Dog Runs'!$F$5:$F$5004)+SUMIF('Enter Training'!$G$5:$G$504,A5,'Enter Training'!$D$5:$D$504)+SUMIF('Enter Training'!$H$5:$H$504,A5,'Enter Training'!$D$5:$D$504)+SUMIF('Enter Training'!$I$5:$I$504,A5,'Enter Training'!$D$5:$D$504)+SUMIF('Enter Training'!$J$5:$J$504,A5,'Enter Training'!$D$5:$D$504)+SUMIF('Enter Training'!$K$5:$K$504,A5,'Enter Training'!$D$5:$D$504)+SUMIF('Enter Training'!$L$5:$L$504,A5,'Enter Training'!$D$5:$D$504)+SUMIF('Enter Training'!$M$5:$M$504,A5,'Enter Training'!$D$5:$D$504)+SUMIF('Enter Training'!$N$5:$N$504,A5,'Enter Training'!$D$5:$D$504)+SUMIF('Enter Training'!$O$5:$O$504,A5,'Enter Training'!$D$5:$D$504)+SUMIF('Enter Training'!$P$5:$P$504,A5,'Enter Training'!$D$5:$D$504)+SUMIF('Enter Training'!$Q$5:$Q$504,A5,'Enter Training'!$D$5:$D$504)+SUMIF('Enter Training'!$R$5:$R$504,A5,'Enter Training'!$D$5:$D$504) -> 12 | L5: =COUNTIF('Dog Runs'!$C$5:$C$5004,A5)+COUNTIF('Enter Training'!$G$5:$G$504,A5)+COUNTIF('Enter Training'!$H$5:$H$504,A5)+COUNTIF('Enter Training'!$I$5:$I$504,A5)+COUNTIF('Enter Training'!$J$5:$J$504,A5)+COUNTIF('Enter Training'!$K$5:$K$504,A5)+COUNTIF('Enter Training'!$L$5:$L$504,A5)+COUNTIF('Enter Training'!$M$5:$M$504,A5)+COUNTIF('Enter Training'!$N$5:$N$504,A5)+COUNTIF('Enter Training'!$O$5:$O$504,A5)+COUNTIF('Enter Training'!$P$5:$P$504,A5)+COUNTIF('Enter Training'!$Q$5:$Q$504,A5)+COUNTIF('Enter Training'!$R$5:$R$504,A5) -> 1 | M5: =IF(L5=0,"",MAX(IFERROR(LOOKUP(2,1/('Dog Runs'!$C$5:$C$5004=A5),'Dog Runs'!$B$5:$B$5004),0),IFERROR(LOOKUP(2,1/('Enter Training'!$G$5:$G$504=A5),'Enter Training'!$A$5:$A$504),0),IFERROR(LOOKUP(2,1/('Enter Training'!$H$5:$H$504=A5),'Enter Training'!$A$5:$A$504),0),IFERROR(LOOKUP(2,1/('Enter Training'!$I$5:$I$504=A5),'Enter Training'!$A$5:$A$504),0),IFERROR(LOOKUP(2,1/('Enter Training'!$J$5:$J$504=A5),'Enter Training'!$A$5:$A$504),0),IFERROR(LOOKUP(2,1/('Enter Training'!$K$5:$K$504=A5),'Enter Training'!$A$5:$A$504),0),IFERROR(LOOKUP(2,1/('Enter Training'!$L$5:$L$504=A5),'Enter Training'!$A$5:$A$504),0),IFERROR(LOOKUP(2,1/('Enter Training'!$M$5:$M$504=A5),'Enter Training'!$A$5:$A$504),0),IFERROR(LOOKUP(2,1/('Enter Training'!$N$5:$N$504=A5),'Enter Training'!$A$5:$A$504),0),IFERROR(LOOKUP(2,1/('Enter Training'!$O$5:$O$504=A5),'Enter Training'!$A$5:$A$504),0),IFERROR(LOOKUP(2,1/('Enter Training'!$P$5:$P$504=A5),'Enter Training'!$A$5:$A$504),0),IFERROR(LOOKUP(2,1/('Enter Training'!$Q$5:$Q$504=A5),'Enter Training'!$A$5:$A$504),0),IFERROR(LOOKUP(2,1/('Enter Training'!$R$5:$R$504=A5),'Enter Training'!$A$5:$A$504),0))) -> 46259.5 | N5: =IF(M5="","",TODAY()-M5) -> 2 | O5: =SUMIFS('Dog Runs'!$F$5:$F$5004,'Dog Runs'!$C$5:$C$5004,A5,'Dog Runs'!$B$5:$B$5004,">="&TODAY()-30)+SUMIFS('Enter Training'!$D$5:$D$504,'Enter Training'!$G$5:$G$504,A5,'Enter Training'!$A$5:$A$504,">="&TODAY()-30)+SUMIFS('Enter Training'!$D$5:$D$504,'Enter Training'!$H$5:$H$504,A5,'Enter Training'!$A$5:$A$504,">="&TODAY()-30)+SUMIFS('Enter Training'!$D$5:$D$504,'Enter Training'!$I$5:$I$504,A5,'Enter Training'!$A$5:$A$504,">="&TODAY()-30)+SUMIFS('Enter Training'!$D$5:$D$504,'Enter Training'!$J$5:$J$504,A5,'Enter Training'!$A$5:$A$504,">="&TODAY()-30)+SUMIFS('Enter Training'!$D$5:$D$504,'Enter Training'!$K$5:$K$504,A5,'Enter Training'!$A$5:$A$504,">="&TODAY()-30)+SUMIFS('Enter Training'!$D$5:$D$504,'Enter Training'!$L$5:$L$504,A5,'Enter Training'!$A$5:$A$504,">="&TODAY()-30)+SUMIFS('Enter Training'!$D$5:$D$504,'Enter Training'!$M$5:$M$504,A5,'Enter Training'!$A$5:$A$504,">="&TODAY()-30)+SUMIFS('Enter Training'!$D$5:$D$504,'Enter Training'!$N$5:$N$504,A5,'Enter Training'!$A$5:$A$504,">="&TODAY()-30)+SUMIFS('Enter Training'!$D$5:$D$504,'Enter Training'!$O$5:$O$504,A5,'Enter Training'!$A$5:$A$504,">="&TODAY()-30)+SUMIFS('Enter Training'!$D$5:$D$504,'Enter Training'!$P$5:$P$504,A5,'Enter Training'!$A$5:$A$504,">="&TODAY()-30)+SUMIFS('Enter Training'!$D$5:$D$504,'Enter Training'!$Q$5:$Q$504,A5,'Enter Training'!$A$5:$A$504,">="&TODAY()-30)+SUMIFS('Enter Training'!$D$5:$D$504,'Enter Training'!$R$5:$R$504,A5,'Enter Training'!$A$5:$A$504,">="&TODAY()-30) -> 12 | Q5: =IF(J5="Yes","",COUNTIFS($J$5:$J$504,"No",$K$5:$K$504,"<"&K5)+COUNTIFS($J$5:J5,"No",$K$5:K5,K5,$A$5:A5,"<="&A5)) -> 3
A6: AJA | B6: Female | D6: Team | F6: Active | G6: Active | H6: 3 | J6: No | K6: =SUMIF('Dog Runs'!$C$5:$C$5004,A6,'Dog Runs'!$F$5:$F$5004)+SUMIF('Enter Training'!$G$5:$G$504,A6,'Enter Training'!$D$5:$D$504)+SUMIF('Enter Training'!$H$5:$H$504,A6,'Enter Training'!$D$5:$D$504)+SUMIF('Enter Training'!$I$5:$I$504,A6,'Enter Training'!$D$5:$D$504)+SUMIF('Enter Training'!$J$5:$J$504,A6,'Enter Training'!$D$5:$D$504)+SUMIF('Enter Training'!$K$5:$K$504,A6,'Enter Training'!$D$5:$D$504)+SUMIF('Enter Training'!$L$5:$L$504,A6,'Enter Training'!$D$5:$D$504)+SUMIF('Enter Training'!$M$5:$M$504,A6,'Enter Training'!$D$5:$D$504)+SUMIF('Enter Training'!$N$5:$N$504,A6,'Enter Training'!$D$5:$D$504)+SUMIF('Enter Training'!$O$5:$O$504,A6,'Enter Training'!$D$5:$D$504)+SUMIF('Enter Training'!$P$5:$P$504,A6,'Enter Training'!$D$5:$D$504)+SUMIF('Enter Training'!$Q$5:$Q$504,A6,'Enter Training'!$D$5:$D$504)+SUMIF('Enter Training'!$R$5:$R$504,A6,'Enter Training'!$D$5:$D$504) -> 12 | L6: =COUNTIF('Dog Runs'!$C$5:$C$5004,A6)+COUNTIF('Enter Training'!$G$5:$G$504,A6)+COUNTIF('Enter Training'!$H$5:$H$504,A6)+COUNTIF('Enter Training'!$I$5:$I$504,A6)+COUNTIF('Enter Training'!$J$5:$J$504,A6)+COUNTIF('Enter Training'!$K$5:$K$504,A6)+COUNTIF('Enter Training'!$L$5:$L$504,A6)+COUNTIF('Enter Training'!$M$5:$M$504,A6)+COUNTIF('Enter Training'!$N$5:$N$504,A6)+COUNTIF('Enter Training'!$O$5:$O$504,A6)+COUNTIF('Enter Training'!$P$5:$P$504,A6)+COUNTIF('Enter Training'!$Q$5:$Q$504,A6)+COUNTIF('Enter Training'!$R$5:$R$504,A6) -> 1 | M6: =IF(L6=0,"",MAX(IFERROR(LOOKUP(2,1/('Dog Runs'!$C$5:$C$5004=A6),'Dog Runs'!$B$5:$B$5004),0),IFERROR(LOOKUP(2,1/('Enter Training'!$G$5:$G$504=A6),'Enter Training'!$A$5:$A$504),0),IFERROR(LOOKUP(2,1/('Enter Training'!$H$5:$H$504=A6),'Enter Training'!$A$5:$A$504),0),IFERROR(LOOKUP(2,1/('Enter Training'!$I$5:$I$504=A6),'Enter Training'!$A$5:$A$504),0),IFERROR(LOOKUP(2,1/('Enter Training'!$J$5:$J$504=A6),'Enter Training'!$A$5:$A$504),0),IFERROR(LOOKUP(2,1/('Enter Training'!$K$5:$K$504=A6),'Enter Training'!$A$5:$A$504),0),IFERROR(LOOKUP(2,1/('Enter Training'!$L$5:$L$504=A6),'Enter Training'!$A$5:$A$504),0),IFERROR(LOOKUP(2,1/('Enter Training'!$M$5:$M$504=A6),'Enter Training'!$A$5:$A$504),0),IFERROR(LOOKUP(2,1/('Enter Training'!$N$5:$N$504=A6),'Enter Training'!$A$5:$A$504),0),IFERROR(LOOKUP(2,1/('Enter Training'!$O$5:$O$504=A6),'Enter Training'!$A$5:$A$504),0),IFERROR(LOOKUP(2,1/('Enter Training'!$P$5:$P$504=A6),'Enter Training'!$A$5:$A$504),0),IFERROR(LOOKUP(2,1/('Enter Training'!$Q$5:$Q$504=A6),'Enter Training'!$A$5:$A$504),0),IFERROR(LOOKUP(2,1/('Enter Training'!$R$5:$R$504=A6),'Enter Training'!$A$5:$A$504),0))) -> 46259.5 | N6: =IF(M6="","",TODAY()-M6) -> 2 | O6: =SUMIFS('Dog Runs'!$F$5:$F$5004,'Dog Runs'!$C$5:$C$5004,A6,'Dog Runs'!$B$5:$B$5004,">="&TODAY()-30)+SUMIFS('Enter Training'!$D$5:$D$504,'Enter Training'!$G$5:$G$504,A6,'Enter Training'!$A$5:$A$504,">="&TODAY()-30)+SUMIFS('Enter Training'!$D$5:$D$504,'Enter Training'!$H$5:$H$504,A6,'Enter Training'!$A$5:$A$504,">="&TODAY()-30)+SUMIFS('Enter Training'!$D$5:$D$504,'Enter Training'!$I$5:$I$504,A6,'Enter Training'!$A$5:$A$504,">="&TODAY()-30)+SUMIFS('Enter Training'!$D$5:$D$504,'Enter Training'!$J$5:$J$504,A6,'Enter Training'!$A$5:$A$504,">="&TODAY()-30)+SUMIFS('Enter Training'!$D$5:$D$504,'Enter Training'!$K$5:$K$504,A6,'Enter Training'!$A$5:$A$504,">="&TODAY()-30)+SUMIFS('Enter Training'!$D$5:$D$504,'Enter Training'!$L$5:$L$504,A6,'Enter Training'!$A$5:$A$504,">="&TODAY()-30)+SUMIFS('Enter Training'!$D$5:$D$504,'Enter Training'!$M$5:$M$504,A6,'Enter Training'!$A$5:$A$504,">="&TODAY()-30)+SUMIFS('Enter Training'!$D$5:$D$504,'Enter Training'!$N$5:$N$504,A6,'Enter Training'!$A$5:$A$504,">="&TODAY()-30)+SUMIFS('Enter Training'!$D$5:$D$504,'Enter Training'!$O$5:$O$504,A6,'Enter Training'!$A$5:$A$504,">="&TODAY()-30)+SUMIFS('Enter Training'!$D$5:$D$504,'Enter Training'!$P$5:$P$504,A6,'Enter Training'!$A$5:$A$504,">="&TODAY()-30)+SUMIFS('Enter Training'!$D$5:$D$504,'Enter Training'!$Q$5:$Q$504,A6,'Enter Training'!$A$5:$A$504,">="&TODAY()-30)+SUMIFS('Enter Training'!$D$5:$D$504,'Enter Training'!$R$5:$R$504,A6,'Enter Training'!$A$5:$A$504,">="&TODAY()-30) -> 12 | Q6: =IF(J6="Yes","",COUNTIFS($J$5:$J$504,"No",$K$5:$K$504,"<"&K6)+COUNTIFS($J$5:J6,"No",$K$5:K6,K6,$A$5:A6,"<="&A6)) -> 2
A7: AHPI | B7: Female | D7: Team | F7: Active | G7: Active | H7: 3 | J7: No | K7: =SUMIF('Dog Runs'!$C$5:$C$5004,A7,'Dog Runs'!$F$5:$F$5004)+SUMIF('Enter Training'!$G$5:$G$504,A7,'Enter Training'!$D$5:$D$504)+SUMIF('Enter Training'!$H$5:$H$504,A7,'Enter Training'!$D$5:$D$504)+SUMIF('Enter Training'!$I$5:$I$504,A7,'Enter Training'!$D$5:$D$504)+SUMIF('Enter Training'!$J$5:$J$504,A7,'Enter Training'!$D$5:$D$504)+SUMIF('Enter Training'!$K$5:$K$504,A7,'Enter Training'!$D$5:$D$504)+SUMIF('Enter Training'!$L$5:$L$504,A7,'Enter Training'!$D$5:$D$504)+SUMIF('Enter Training'!$M$5:$M$504,A7,'Enter Training'!$D$5:$D$504)+SUMIF('Enter Training'!$N$5:$N$504,A7,'Enter Training'!$D$5:$D$504)+SUMIF('Enter Training'!$O$5:$O$504,A7,'Enter Training'!$D$5:$D$504)+SUMIF('Enter Training'!$P$5:$P$504,A7,'Enter Training'!$D$5:$D$504)+SUMIF('Enter Training'!$Q$5:$Q$504,A7,'Enter Training'!$D$5:$D$504)+SUMIF('Enter Training'!$R$5:$R$504,A7,'Enter Training'!$D$5:$D$504) -> 12 | L7: =COUNTIF('Dog Runs'!$C$5:$C$5004,A7)+COUNTIF('Enter Training'!$G$5:$G$504,A7)+COUNTIF('Enter Training'!$H$5:$H$504,A7)+COUNTIF('Enter Training'!$I$5:$I$504,A7)+COUNTIF('Enter Training'!$J$5:$J$504,A7)+COUNTIF('Enter Training'!$K$5:$K$504,A7)+COUNTIF('Enter Training'!$L$5:$L$504,A7)+COUNTIF('Enter Training'!$M$5:$M$504,A7)+COUNTIF('Enter Training'!$N$5:$N$504,A7)+COUNTIF('Enter Training'!$O$5:$O$504,A7)+COUNTIF('Enter Training'!$P$5:$P$504,A7)+COUNTIF('Enter Training'!$Q$5:$Q$504,A7)+COUNTIF('Enter Training'!$R$5:$R$504,A7) -> 1 | M7: =IF(L7=0,"",MAX(IFERROR(LOOKUP(2,1/('Dog Runs'!$C$5:$C$5004=A7),'Dog Runs'!$B$5:$B$5004),0),IFERROR(LOOKUP(2,1/('Enter Training'!$G$5:$G$504=A7),'Enter Training'!$A$5:$A$504),0),IFERROR(LOOKUP(2,1/('Enter Training'!$H$5:$H$504=A7),'Enter Training'!$A$5:$A$504),0),IFERROR(LOOKUP(2,1/('Enter Training'!$I$5:$I$504=A7),'Enter Training'!$A$5:$A$504),0),IFERROR(LOOKUP(2,1/('Enter Training'!$J$5:$J$504=A7),'Enter Training'!$A$5:$A$504),0),IFERROR(LOOKUP(2,1/('Enter Training'!$K$5:$K$504=A7),'Enter Training'!$A$5:$A$504),0),IFERROR(LOOKUP(2,1/('Enter Training'!$L$5:$L$504=A7),'Enter Training'!$A$5:$A$504),0),IFERROR(LOOKUP(2,1/('Enter Training'!$M$5:$M$504=A7),'Enter Training'!$A$5:$A$504),0),IFERROR(LOOKUP(2,1/('Enter Training'!$N$5:$N$504=A7),'Enter Training'!$A$5:$A$504),0),IFERROR(LOOKUP(2,1/('Enter Training'!$O$5:$O$504=A7),'Enter Training'!$A$5:$A$504),0),IFERROR(LOOKUP(2,1/('Enter Training'!$P$5:$P$504=A7),'Enter Training'!$A$5:$A$504),0),IFERROR(LOOKUP(2,1/('Enter Training'!$Q$5:$Q$504=A7),'Enter Training'!$A$5:$A$504),0),IFERROR(LOOKUP(2,1/('Enter Training'!$R$5:$R$504=A7),'Enter Training'!$A$5:$A$504),0))) -> 46259.5 | N7: =IF(M7="","",TODAY()-M7) -> 2 | O7: =SUMIFS('Dog Runs'!$F$5:$F$5004,'Dog Runs'!$C$5:$C$5004,A7,'Dog Runs'!$B$5:$B$5004,">="&TODAY()-30)+SUMIFS('Enter Training'!$D$5:$D$504,'Enter Training'!$G$5:$G$504,A7,'Enter Training'!$A$5:$A$504,">="&TODAY()-30)+SUMIFS('Enter Training'!$D$5:$D$504,'Enter Training'!$H$5:$H$504,A7,'Enter Training'!$A$5:$A$504,">="&TODAY()-30)+SUMIFS('Enter Training'!$D$5:$D$504,'Enter Training'!$I$5:$I$504,A7,'Enter Training'!$A$5:$A$504,">="&TODAY()-30)+SUMIFS('Enter Training'!$D$5:$D$504,'Enter Training'!$J$5:$J$504,A7,'Enter Training'!$A$5:$A$504,">="&TODAY()-30)+SUMIFS('Enter Training'!$D$5:$D$504,'Enter Training'!$K$5:$K$504,A7,'Enter Training'!$A$5:$A$504,">="&TODAY()-30)+SUMIFS('Enter Training'!$D$5:$D$504,'Enter Training'!$L$5:$L$504,A7,'Enter Training'!$A$5:$A$504,">="&TODAY()-30)+SUMIFS('Enter Training'!$D$5:$D$504,'Enter Training'!$M$5:$M$504,A7,'Enter Training'!$A$5:$A$504,">="&TODAY()-30)+SUMIFS('Enter Training'!$D$5:$D$504,'Enter Training'!$N$5:$N$504,A7,'Enter Training'!$A$5:$A$504,">="&TODAY()-30)+SUMIFS('Enter Training'!$D$5:$D$504,'Enter Training'!$O$5:$O$504,A7,'Enter Training'!$A$5:$A$504,">="&TODAY()-30)+SUMIFS('Enter Training'!$D$5:$D$504,'Enter Training'!$P$5:$P$504,A7,'Enter Training'!$A$5:$A$504,">="&TODAY()-30)+SUMIFS('Enter Training'!$D$5:$D$504,'Enter Training'!$Q$5:$Q$504,A7,'Enter Training'!$A$5:$A$504,">="&TODAY()-30)+SUMIFS('Enter Training'!$D$5:$D$504,'Enter Training'!$R$5:$R$504,A7,'Enter Training'!$A$5:$A$504,">="&TODAY()-30) -> 12 | Q7: =IF(J7="Yes","",COUNTIFS($J$5:$J$504,"No",$K$5:$K$504,"<"&K7)+COUNTIFS($J$5:J7,"No",$K$5:K7,K7,$A$5:A7,"<="&A7)) -> 1
A8: BOUSSI | B8: Female | D8: Team | F8: Active | G8: Active | H8: 3 | J8: Yes | K8: =SUMIF('Dog Runs'!$C$5:$C$5004,A8,'Dog Runs'!$F$5:$F$5004)+SUMIF('Enter Training'!$G$5:$G$504,A8,'Enter Training'!$D$5:$D$504)+SUMIF('Enter Training'!$H$5:$H$504,A8,'Enter Training'!$D$5:$D$504)+SUMIF('Enter Training'!$I$5:$I$504,A8,'Enter Training'!$D$5:$D$504)+SUMIF('Enter Training'!$J$5:$J$504,A8,'Enter Training'!$D$5:$D$504)+SUMIF('Enter Training'!$K$5:$K$504,A8,'Enter Training'!$D$5:$D$504)+SUMIF('Enter Training'!$L$5:$L$504,A8,'Enter Training'!$D$5:$D$504)+SUMIF('Enter Training'!$M$5:$M$504,A8,'Enter Training'!$D$5:$D$504)+SUMIF('Enter Training'!$N$5:$N$504,A8,'Enter Training'!$D$5:$D$504)+SUMIF('Enter Training'!$O$5:$O$504,A8,'Enter Training'!$D$5:$D$504)+SUMIF('Enter Training'!$P$5:$P$504,A8,'Enter Training'!$D$5:$D$504)+SUMIF('Enter Training'!$Q$5:$Q$504,A8,'Enter Training'!$D$5:$D$504)+SUMIF('Enter Training'!$R$5:$R$504,A8,'Enter Training'!$D$5:$D$504) -> 0 | L8: =COUNTIF('Dog Runs'!$C$5:$C$5004,A8)+COUNTIF('Enter Training'!$G$5:$G$504,A8)+COUNTIF('Enter Training'!$H$5:$H$504,A8)+COUNTIF('Enter Training'!$I$5:$I$504,A8)+COUNTIF('Enter Training'!$J$5:$J$504,A8)+COUNTIF('Enter Training'!$K$5:$K$504,A8)+COUNTIF('Enter Training'!$L$5:$L$504,A8)+COUNTIF('Enter Training'!$M$5:$M$504,A8)+COUNTIF('Enter Training'!$N$5:$N$504,A8)+COUNTIF('Enter Training'!$O$5:$O$504,A8)+COUNTIF('Enter Training'!$P$5:$P$504,A8)+COUNTIF('Enter Training'!$Q$5:$Q$504,A8)+COUNTIF('Enter Training'!$R$5:$R$504,A8) -> 0 | M8: =IF(L8=0,"",MAX(IFERROR(LOOKUP(2,1/('Dog Runs'!$C$5:$C$5004=A8),'Dog Runs'!$B$5:$B$5004),0),IFERROR(LOOKUP(2,1/('Enter Training'!$G$5:$G$504=A8),'Enter Training'!$A$5:$A$504),0),IFERROR(LOOKUP(2,1/('Enter Training'!$H$5:$H$504=A8),'Enter Training'!$A$5:$A$504),0),IFERROR(LOOKUP(2,1/('Enter Training'!$I$5:$I$504=A8),'Enter Training'!$A$5:$A$504),0),IFERROR(LOOKUP(2,1/('Enter Training'!$J$5:$J$504=A8),'Enter Training'!$A$5:$A$504),0),IFERROR(LOOKUP(2,1/('Enter Training'!$K$5:$K$504=A8),'Enter Training'!$A$5:$A$504),0),IFERROR(LOOKUP(2,1/('Enter Training'!$L$5:$L$504=A8),'Enter Training'!$A$5:$A$504),0),IFERROR(LOOKUP(2,1/('Enter Training'!$M$5:$M$504=A8),'Enter Training'!$A$5:$A$504),0),IFERROR(LOOKUP(2,1/('Enter Training'!$N$5:$N$504=A8),'Enter Training'!$A$5:$A$504),0),IFERROR(LOOKUP(2,1/('Enter Training'!$O$5:$O$504=A8),'Enter Training'!$A$5:$A$504),0),IFERROR(LOOKUP(2,1/('Enter Training'!$P$5:$P$504=A8),'Enter Training'!$A$5:$A$504),0),IFERROR(LOOKUP(2,1/('Enter Training'!$Q$5:$Q$504=A8),'Enter Training'!$A$5:$A$504),0),IFERROR(LOOKUP(2,1/('Enter Training'!$R$5:$R$504=A8),'Enter Training'!$A$5:$A$504),0))) | N8: =IF(M8="","",TODAY()-M8) | O8: =SUMIFS('Dog Runs'!$F$5:$F$5004,'Dog Runs'!$C$5:$C$5004,A8,'Dog Runs'!$B$5:$B$5004,">="&TODAY()-30)+SUMIFS('Enter Training'!$D$5:$D$504,'Enter Training'!$G$5:$G$504,A8,'Enter Training'!$A$5:$A$504,">="&TODAY()-30)+SUMIFS('Enter Training'!$D$5:$D$504,'Enter Training'!$H$5:$H$504,A8,'Enter Training'!$A$5:$A$504,">="&TODAY()-30)+SUMIFS('Enter Training'!$D$5:$D$504,'Enter Training'!$I$5:$I$504,A8,'Enter Training'!$A$5:$A$504,">="&TODAY()-30)+SUMIFS('Enter Training'!$D$5:$D$504,'Enter Training'!$J$5:$J$504,A8,'Enter Training'!$A$5:$A$504,">="&TODAY()-30)+SUMIFS('Enter Training'!$D$5:$D$504,'Enter Training'!$K$5:$K$504,A8,'Enter Training'!$A$5:$A$504,">="&TODAY()-30)+SUMIFS('Enter Training'!$D$5:$D$504,'Enter Training'!$L$5:$L$504,A8,'Enter Training'!$A$5:$A$504,">="&TODAY()-30)+SUMIFS('Enter Training'!$D$5:$D$504,'Enter Training'!$M$5:$M$504,A8,'Enter Training'!$A$5:$A$504,">="&TODAY()-30)+SUMIFS('Enter Training'!$D$5:$D$504,'Enter Training'!$N$5:$N$504,A8,'Enter Training'!$A$5:$A$504,">="&TODAY()-30)+SUMIFS('Enter Training'!$D$5:$D$504,'Enter Training'!$O$5:$O$504,A8,'Enter Training'!$A$5:$A$504,">="&TODAY()-30)+SUMIFS('Enter Training'!$D$5:$D$504,'Enter Training'!$P$5:$P$504,A8,'Enter Training'!$A$5:$A$504,">="&TODAY()-30)+SUMIFS('Enter Training'!$D$5:$D$504,'Enter Training'!$Q$5:$Q$504,A8,'Enter Training'!$A$5:$A$504,">="&TODAY()-30)+SUMIFS('Enter Training'!$D$5:$D$504,'Enter Training'!$R$5:$R$504,A8,'Enter Training'!$A$5:$A$504,">="&TODAY()-30) -> 0 | Q8: =IF(J8="Yes","",COUNTIFS($J$5:$J$504,"No",$K$5:$K$504,"<"&K8)+COUNTIFS($J$5:J8,"No",$K$5:K8,K8,$A$5:A8,"<="&A8))

Sheet Trainings
A1: Training Sessions
A2: One row per saved training record; team members are listed for quick review
A4: Training ID | B4: Date | C4: Route | D4: Distance km | E4: Type | F4: Guide | G4: Team | H4: Dogs | I4: Dog names & positions | J4: Note | K4: Created at
A5: TR-QA-001 | B5: 46259.5 | C5: Forest Loop | D5: 12 | E5: ATV | F5: QA Guide | G5: Morning Team | H5: 3 | I5: ALBMI (Lead), AJA (Team), AHPI (Wheel) | J5: Cool weather, good trail. | K5: 2026-08-25T08:00:00Z

Sheet Dog Runs
A1: Individual Dog Runs
A2: Detailed workload record for every dog in every saved training
A4: Training ID | B4: Date | C4: Dog | D4: Sex | E4: Route | F4: Distance km | G4: Position | H4: Type | I4: Guide | J4: Team | K4: Form | L4: Problem | M4: Finished | N4: Removed | O4: Removed reason | P4: Dog note | Q4: Dog archived
A5: TR-QA-001 | B5: 46259.5 | C5: ALBMI | D5: Male | E5: Forest Loop | F5: 12 | G5: Lead | H5: ATV | I5: QA Guide | J5: Morning Team | K5: 4 | L5: No | M5: Yes | N5: No | Q5: No
A6: TR-QA-001 | B6: 46259.5 | C6: AJA | D6: Female | E6: Forest Loop | F6: 12 | G6: Team | H6: ATV | I6: QA Guide | J6: Morning Team | K6: 4 | L6: No | M6: Yes | N6: No | Q6: No
A7: TR-QA-001 | B7: 46259.5 | C7: AHPI | D7: Female | E7: Forest Loop | F7: 12 | G7: Wheel | H7: ATV | I7: QA Guide | J7: Morning Team | K7: 4 | L7: No | M7: Yes | N7: No | Q7: No

Sheet Health
A1: Health Notes
A2: Health history is retained for active and archived dogs
A4: Date | B4: Dog | C4: Sex | D4: Type | E4: Status | F4: Note | G4: Next check | H4: Profile updated | I4: Dog archived | J4: Recorded at
A5: 46258.5 | B5: ALBMI | C5: Male | D5: Health Note | E5: Watch | F5: Check paw after next run. | G5: 46262.5 | H5: No | I5: No

Sheet Fixed Teams
A1: Fixed Teams
A2: Saved team templates with positions and archive visibility
A4: Team | B4: Category | C4: Active dogs | D4: All saved dogs | E4: Dogs & positions | F4: Notes
A5: Morning Team | B5: Training Team | C5: 3 | D5: 3 | E5: ALBMI (Lead), AJA (Team), AHPI (Wheel) | F5: QA team
